{"bpm": 140.0, "offset": 0.0, "songfile": "gentlemen.mp3", "beats": [[[0.7499999999999999], 225], [[2.0], 0], [[2.5], 225], [[4.25], 225], [[4.75], 225], [[5.999999999999999], 0], [[6.5], 90], [[7.0], 90]]}